<?xml version="1.0" encoding="UTF-8" standalone="yes"?>
<addon id="repository.babel" name="Babel Subtitle Repo" version="1.0.0" provider-name="g0m3z">
    <extension point="xbmc.addon.repository" name="Babel Subtitle Repo">
        <dir>
            <info compressed="false">https://raw.githubusercontent.com/g0m3z78/babel/main/addons.xml</info>
            <checksum>https://raw.githubusercontent.com/g0m3z78/babel/main/addons.xml.md5</checksum>
            <datadir zip="true">https://raw.githubusercontent.com/g0m3z78/babel/main/</datadir>
        </dir>
    </extension>
    <extension point="xbmc.addon.metadata">
        <summary>Babel felirat kiegészítő tároló</summary>
        <description>Innen töltheted le és frissítheted a Babel felirat kiegészítőt.</description>
        <platform>all</platform>
    </extension>
</addon>