<?xml version="1.0" encoding="UTF-8" standalone="yes"?>
<addon id="babel" name="repository.babel" version="1.0.0" provider-name="g0m3z">
    <extension point="xbmc.addon.repository" name="Example Repository">
        <dir>
            <info compressed="false">https://raw.githubusercontent.com/g0m3z78/babel/main/repo/zips/addons.xml</info>
            <checksum>https://raw.githubusercontent.com/g0m3z78/babel/main/repo/zips/addons.xml.md5</checksum>
            <datadir zip="true">https://raw.githubusercontent.com/g0m3z78/babel/main/repo/zips/</datadir>
        </dir>
    </extension>
    <extension point="xbmc.addon.metadata">
        <summary>Babel feliratkezelő hivatalos repository</summary>
        <description>A Babel feliratkezeő hivatalos tárolója</description>
        <disclaimer></disclaimer>
        <platform>all</platform>
        <assets>
            <icon>icon.png</icon>
            <fanart>fanart.jpg</fanart>
        </assets>
    </extension>
</addon>